Ref,Val,Package,PosX,PosY,Rot,Side
"C201","100n","C_0603_1608Metric",50.000000,93.000000,0.000000,top
"C202","100n","C_0603_1608Metric",54.494723,92.764441,354.000000,top
"C203","100n","C_0603_1608Metric",58.940202,92.060346,348.000000,top
"C204","100n","C_0603_1608Metric",63.287730,90.895430,342.000000,top
"C205","100n","C_0603_1608Metric",67.489675,89.282454,336.000000,top
"C206","100n","C_0603_1608Metric",71.499999,87.239092,330.000000,top
"C207","100n","C_0603_1608Metric",75.274765,84.787730,324.000000,top
"C208","100n","C_0603_1608Metric",78.772616,81.955227,318.000000,top
"C209","100n","C_0603_1608Metric",81.955227,78.772616,312.000000,top
"C210","100n","C_0603_1608Metric",84.787730,75.274765,306.000000,top
"C211","100n","C_0603_1608Metric",87.239092,71.500000,300.000000,top
"C212","100n","C_0603_1608Metric",89.282454,67.489675,294.000000,top
"C213","100n","C_0603_1608Metric",90.895430,63.287730,288.000000,top
"C214","100n","C_0603_1608Metric",92.060346,58.940202,282.000000,top
"C215","100n","C_0603_1608Metric",92.764441,54.494723,276.000000,top
"C216","100n","C_0603_1608Metric",93.000000,50.000000,270.000000,top
"C217","100n","C_0603_1608Metric",92.764441,45.505277,264.000000,top
"C218","100n","C_0603_1608Metric",92.060346,41.059798,258.000000,top
"C219","100n","C_0603_1608Metric",90.895430,36.712270,252.000000,top
"C220","100n","C_0603_1608Metric",89.282454,32.510325,246.000000,top
"C221","100n","C_0603_1608Metric",87.239092,28.500001,240.000000,top
"C222","100n","C_0603_1608Metric",84.787730,24.725235,234.000000,top
"C223","100n","C_0603_1608Metric",81.955227,21.227384,228.000000,top
"C224","100n","C_0603_1608Metric",78.772616,18.044773,222.000000,top
"C225","100n","C_0603_1608Metric",75.274765,15.212270,216.000000,top
"C226","100n","C_0603_1608Metric",71.499999,12.760908,210.000000,top
"C227","100n","C_0603_1608Metric",67.489675,10.717546,204.000000,top
"C228","100n","C_0603_1608Metric",63.287730,9.104570,198.000000,top
"C229","100n","C_0603_1608Metric",58.940202,7.939654,192.000000,top
"C230","100n","C_0603_1608Metric",54.494723,7.235559,186.000000,top
"C231","100n","C_0603_1608Metric",50.000000,7.000000,180.000000,top
"C232","100n","C_0603_1608Metric",45.505277,7.235559,174.000000,top
"C233","100n","C_0603_1608Metric",41.059798,7.939654,168.000000,top
"C234","100n","C_0603_1608Metric",36.712270,9.104570,162.000000,top
"C235","100n","C_0603_1608Metric",32.510325,10.717546,156.000000,top
"C236","100n","C_0603_1608Metric",28.500000,12.760908,150.000000,top
"C237","100n","C_0603_1608Metric",24.725235,15.212270,144.000000,top
"C238","100n","C_0603_1608Metric",21.227384,18.044773,138.000000,top
"C239","100n","C_0603_1608Metric",18.044773,21.227384,132.000000,top
"C240","100n","C_0603_1608Metric",15.212270,24.725235,126.000000,top
"C241","100n","C_0603_1608Metric",12.760908,28.500000,120.000000,top
"C242","100n","C_0603_1608Metric",10.717546,32.510325,114.000000,top
"C243","100n","C_0603_1608Metric",9.104570,36.712270,108.000000,top
"C244","100n","C_0603_1608Metric",7.939654,41.059798,102.000000,top
"C245","100n","C_0603_1608Metric",7.235559,45.505277,96.000000,top
"C246","100n","C_0603_1608Metric",7.000000,50.000000,90.000000,top
"C247","100n","C_0603_1608Metric",7.235559,54.494723,84.000000,top
"C248","100n","C_0603_1608Metric",7.939654,58.940202,78.000000,top
"C249","100n","C_0603_1608Metric",9.104570,63.287730,72.000000,top
"C250","100n","C_0603_1608Metric",10.717546,67.489675,66.000000,top
"C251","100n","C_0603_1608Metric",12.760908,71.500000,60.000000,top
"C252","100n","C_0603_1608Metric",15.212270,75.274765,54.000000,top
"C253","100n","C_0603_1608Metric",18.044773,78.772616,48.000000,top
"C254","100n","C_0603_1608Metric",21.227384,81.955227,42.000000,top
"C255","100n","C_0603_1608Metric",24.725235,84.787730,36.000000,top
"C256","100n","C_0603_1608Metric",28.500000,87.239092,30.000000,top
"C257","100n","C_0603_1608Metric",32.510325,89.282454,24.000000,top
"C258","100n","C_0603_1608Metric",36.712270,90.895430,18.000000,top
"C259","100n","C_0603_1608Metric",41.059798,92.060346,12.000000,top
"C260","100n","C_0603_1608Metric",45.505277,92.764441,6.000000,top
"C301","100n","C_0603_1608Metric",50.000000,89.000000,0.000000,top
"C302","100n","C_0603_1608Metric",54.076610,88.786354,354.000000,top
"C303","100n","C_0603_1608Metric",58.108555,88.147757,348.000000,top
"C304","100n","C_0603_1608Metric",62.051662,87.091205,342.000000,top
"C305","100n","C_0603_1608Metric",65.862729,85.628273,336.000000,top
"C306","100n","C_0603_1608Metric",69.500000,83.774991,330.000000,top
"C307","100n","C_0603_1608Metric",72.923624,81.551663,324.000000,top
"C308","100n","C_0603_1608Metric",76.096093,78.982649,318.000000,top
"C309","100n","C_0603_1608Metric",78.982648,76.096094,312.000000,top
"C310","100n","C_0603_1608Metric",81.551662,72.923625,306.000000,top
"C311","100n","C_0603_1608Metric",83.774990,69.500000,300.000000,top
"C312","100n","C_0603_1608Metric",85.628272,65.862730,294.000000,top
"C313","100n","C_0603_1608Metric",87.091204,62.051663,288.000000,top
"C314","100n","C_0603_1608Metric",88.147756,58.108556,282.000000,top
"C315","100n","C_0603_1608Metric",88.786353,54.076611,276.000000,top
"C316","100n","C_0603_1608Metric",89.000000,50.000000,270.000000,top
"C317","100n","C_0603_1608Metric",88.786353,45.923390,264.000000,top
"C318","100n","C_0603_1608Metric",88.147756,41.891445,258.000000,top
"C319","100n","C_0603_1608Metric",87.091204,37.948338,252.000000,top
"C320","100n","C_0603_1608Metric",85.628272,34.137271,246.000000,top
"C321","100n","C_0603_1608Metric",83.774990,30.500000,240.000000,top
"C322","100n","C_0603_1608Metric",81.551662,27.076376,234.000000,top
"C323","100n","C_0603_1608Metric",78.982648,23.903907,228.000000,top
"C324","100n","C_0603_1608Metric",76.096093,21.017352,222.000000,top
"C325","100n","C_0603_1608Metric",72.923624,18.448338,216.000000,top
"C326","100n","C_0603_1608Metric",69.500000,16.225010,210.000000,top
"C327","100n","C_0603_1608Metric",65.862729,14.371728,204.000000,top
"C328","100n","C_0603_1608Metric",62.051662,12.908796,198.000000,top
"C329","100n","C_0603_1608Metric",58.108555,11.852244,192.000000,top
"C330","100n","C_0603_1608Metric",54.076610,11.213647,186.000000,top
"C331","100n","C_0603_1608Metric",50.000000,11.000000,180.000000,top
"C332","100n","C_0603_1608Metric",45.923389,11.213647,174.000000,top
"C333","100n","C_0603_1608Metric",41.891444,11.852244,168.000000,top
"C334","100n","C_0603_1608Metric",37.948337,12.908796,162.000000,top
"C335","100n","C_0603_1608Metric",34.137270,14.371728,156.000000,top
"C336","100n","C_0603_1608Metric",30.500000,16.225010,150.000000,top
"C337","100n","C_0603_1608Metric",27.076375,18.448338,144.000000,top
"C338","100n","C_0603_1608Metric",23.903906,21.017352,138.000000,top
"C339","100n","C_0603_1608Metric",21.017351,23.903907,132.000000,top
"C340","100n","C_0603_1608Metric",18.448337,27.076376,126.000000,top
"C341","100n","C_0603_1608Metric",16.225009,30.500000,120.000000,top
"C342","100n","C_0603_1608Metric",14.371727,34.137271,114.000000,top
"C343","100n","C_0603_1608Metric",12.908795,37.948338,108.000000,top
"C344","100n","C_0603_1608Metric",11.852243,41.891445,102.000000,top
"C345","100n","C_0603_1608Metric",11.213646,45.923390,96.000000,top
"C346","100n","C_0603_1608Metric",11.000000,50.000000,90.000000,top
"C347","100n","C_0603_1608Metric",11.213646,54.076611,84.000000,top
"C348","100n","C_0603_1608Metric",11.852243,58.108556,78.000000,top
"C349","100n","C_0603_1608Metric",12.908795,62.051663,72.000000,top
"C350","100n","C_0603_1608Metric",14.371727,65.862730,66.000000,top
"C351","100n","C_0603_1608Metric",16.225009,69.500000,60.000000,top
"C352","100n","C_0603_1608Metric",18.448337,72.923625,54.000000,top
"C353","100n","C_0603_1608Metric",21.017351,76.096094,48.000000,top
"C354","100n","C_0603_1608Metric",23.903906,78.982649,42.000000,top
"C355","100n","C_0603_1608Metric",27.076375,81.551663,36.000000,top
"C356","100n","C_0603_1608Metric",30.499999,83.774991,30.000000,top
"C357","100n","C_0603_1608Metric",34.137270,85.628273,24.000000,top
"C358","100n","C_0603_1608Metric",37.948337,87.091205,18.000000,top
"C359","100n","C_0603_1608Metric",41.891444,88.147757,12.000000,top
"C360","100n","C_0603_1608Metric",45.923389,88.786354,6.000000,top
"C401","100n","C_0603_1608Metric",50.000000,85.000000,0.000000,top
"C402","100n","C_0603_1608Metric",53.658496,84.808266,354.000000,top
"C403","100n","C_0603_1608Metric",57.276909,84.235166,348.000000,top
"C404","100n","C_0603_1608Metric",60.815594,83.286978,342.000000,top
"C405","100n","C_0603_1608Metric",64.235782,81.974091,336.000000,top
"C406","100n","C_0603_1608Metric",67.499999,80.310889,330.000000,top
"C407","100n","C_0603_1608Metric",70.572483,78.315594,324.000000,top
"C408","100n","C_0603_1608Metric",73.419571,76.010068,318.000000,top
"C409","100n","C_0603_1608Metric",76.010068,73.419571,312.000000,top
"C410","100n","C_0603_1608Metric",78.315594,70.572483,306.000000,top
"C411","100n","C_0603_1608Metric",80.310889,67.500000,300.000000,top
"C412","100n","C_0603_1608Metric",81.974091,64.235782,294.000000,top
"C413","100n","C_0603_1608Metric",83.286978,60.815594,288.000000,top
"C414","100n","C_0603_1608Metric",84.235166,57.276909,282.000000,top
"C415","100n","C_0603_1608Metric",84.808266,53.658496,276.000000,top
"C416","100n","C_0603_1608Metric",85.000000,50.000000,270.000000,top
"C417","100n","C_0603_1608Metric",84.808266,46.341504,264.000000,top
"C418","100n","C_0603_1608Metric",84.235166,42.723091,258.000000,top
"C419","100n","C_0603_1608Metric",83.286978,39.184406,252.000000,top
"C420","100n","C_0603_1608Metric",81.974091,35.764218,246.000000,top
"C421","100n","C_0603_1608Metric",80.310889,32.500001,240.000000,top
"C422","100n","C_0603_1608Metric",78.315594,29.427517,234.000000,top
"C423","100n","C_0603_1608Metric",76.010068,26.580429,228.000000,top
"C424","100n","C_0603_1608Metric",73.419571,23.989932,222.000000,top
"C425","100n","C_0603_1608Metric",70.572483,21.684406,216.000000,top
"C426","100n","C_0603_1608Metric",67.499999,19.689111,210.000000,top
"C427","100n","C_0603_1608Metric",64.235782,18.025909,204.000000,top
"C428","100n","C_0603_1608Metric",60.815594,16.713022,198.000000,top
"C429","100n","C_0603_1608Metric",57.276909,15.764834,192.000000,top
"C430","100n","C_0603_1608Metric",53.658496,15.191734,186.000000,top
"C431","100n","C_0603_1608Metric",50.000000,15.000000,180.000000,top
"C432","100n","C_0603_1608Metric",46.341504,15.191734,174.000000,top
"C433","100n","C_0603_1608Metric",42.723091,15.764834,168.000000,top
"C434","100n","C_0603_1608Metric",39.184406,16.713022,162.000000,top
"C435","100n","C_0603_1608Metric",35.764218,18.025909,156.000000,top
"C436","100n","C_0603_1608Metric",32.500000,19.689111,150.000000,top
"C437","100n","C_0603_1608Metric",29.427517,21.684406,144.000000,top
"C438","100n","C_0603_1608Metric",26.580429,23.989932,138.000000,top
"C439","100n","C_0603_1608Metric",23.989932,26.580429,132.000000,top
"C440","100n","C_0603_1608Metric",21.684406,29.427517,126.000000,top
"C441","100n","C_0603_1608Metric",19.689111,32.500000,120.000000,top
"C442","100n","C_0603_1608Metric",18.025909,35.764218,114.000000,top
"C443","100n","C_0603_1608Metric",16.713022,39.184406,108.000000,top
"C444","100n","C_0603_1608Metric",15.764834,42.723091,102.000000,top
"C445","100n","C_0603_1608Metric",15.191734,46.341504,96.000000,top
"C446","100n","C_0603_1608Metric",15.000000,50.000000,90.000000,top
"C447","100n","C_0603_1608Metric",15.191734,53.658496,84.000000,top
"C448","100n","C_0603_1608Metric",15.764834,57.276909,78.000000,top
"C449","100n","C_0603_1608Metric",16.713022,60.815594,72.000000,top
"C450","100n","C_0603_1608Metric",18.025909,64.235782,66.000000,top
"C451","100n","C_0603_1608Metric",19.689111,67.500000,60.000000,top
"C452","100n","C_0603_1608Metric",21.684406,70.572483,54.000000,top
"C453","100n","C_0603_1608Metric",23.989932,73.419571,48.000000,top
"C454","100n","C_0603_1608Metric",26.580429,76.010068,42.000000,top
"C455","100n","C_0603_1608Metric",29.427517,78.315594,36.000000,top
"C456","100n","C_0603_1608Metric",32.500000,80.310889,30.000000,top
"C457","100n","C_0603_1608Metric",35.764218,81.974091,24.000000,top
"C458","100n","C_0603_1608Metric",39.184406,83.286978,18.000000,top
"C459","100n","C_0603_1608Metric",42.723091,84.235166,12.000000,top
"C460","100n","C_0603_1608Metric",46.341504,84.808266,6.000000,top
"C501","100n","C_0603_1608Metric",20.000000,58.000000,0.000000,top
"C502","100n","C_0603_1608Metric",20.000000,54.000000,0.000000,top
"C503","100n","C_0603_1608Metric",20.000000,50.000000,0.000000,top
"C504","100n","C_0603_1608Metric",20.000000,46.000000,0.000000,top
"C505","100n","C_0603_1608Metric",20.000000,42.000000,0.000000,top
"C506","100n","C_0603_1608Metric",20.000000,38.000000,0.000000,top
"C507","100n","C_0603_1608Metric",24.000000,58.000000,0.000000,top
"C508","100n","C_0603_1608Metric",24.000000,54.000000,0.000000,top
"C509","100n","C_0603_1608Metric",24.000000,50.000000,0.000000,top
"C510","100n","C_0603_1608Metric",24.000000,46.000000,0.000000,top
"C511","100n","C_0603_1608Metric",24.000000,42.000000,0.000000,top
"C512","100n","C_0603_1608Metric",24.000000,38.000000,0.000000,top
"C601","100n","C_0603_1608Metric",28.000000,58.000000,0.000000,top
"C602","100n","C_0603_1608Metric",28.000000,54.000000,0.000000,top
"C603","100n","C_0603_1608Metric",28.000000,50.000000,0.000000,top
"C604","100n","C_0603_1608Metric",28.000000,46.000000,0.000000,top
"C605","100n","C_0603_1608Metric",28.000000,42.000000,0.000000,top
"C606","100n","C_0603_1608Metric",28.000000,38.000000,0.000000,top
"C607","100n","C_0603_1608Metric",32.000000,58.000000,0.000000,top
"C608","100n","C_0603_1608Metric",32.000000,54.000000,0.000000,top
"C609","100n","C_0603_1608Metric",32.000000,50.000000,0.000000,top
"C610","100n","C_0603_1608Metric",32.000000,46.000000,0.000000,top
"C611","100n","C_0603_1608Metric",32.000000,42.000000,0.000000,top
"C612","100n","C_0603_1608Metric",32.000000,38.000000,0.000000,top
"C701","100n","C_0603_1608Metric",36.000000,58.000000,0.000000,top
"C702","100n","C_0603_1608Metric",36.000000,54.000000,0.000000,top
"C703","100n","C_0603_1608Metric",36.000000,50.000000,0.000000,top
"C704","100n","C_0603_1608Metric",36.000000,46.000000,0.000000,top
"C705","100n","C_0603_1608Metric",36.000000,42.000000,0.000000,top
"C706","100n","C_0603_1608Metric",36.000000,38.000000,0.000000,top
"C707","100n","C_0603_1608Metric",40.000000,58.000000,0.000000,top
"C708","100n","C_0603_1608Metric",40.000000,54.000000,0.000000,top
"C709","100n","C_0603_1608Metric",40.000000,50.000000,0.000000,top
"C710","100n","C_0603_1608Metric",40.000000,46.000000,0.000000,top
"C711","100n","C_0603_1608Metric",40.000000,42.000000,0.000000,top
"C712","100n","C_0603_1608Metric",40.000000,38.000000,0.000000,top
"C801","100n","C_0603_1608Metric",44.000000,58.000000,0.000000,top
"C802","100n","C_0603_1608Metric",44.000000,54.000000,0.000000,top
"C803","100n","C_0603_1608Metric",44.000000,50.000000,0.000000,top
"C804","100n","C_0603_1608Metric",44.000000,46.000000,0.000000,top
"C805","100n","C_0603_1608Metric",44.000000,42.000000,0.000000,top
"C806","100n","C_0603_1608Metric",44.000000,38.000000,0.000000,top
"C807","100n","C_0603_1608Metric",48.000000,58.000000,0.000000,top
"C808","100n","C_0603_1608Metric",48.000000,54.000000,0.000000,top
"C809","100n","C_0603_1608Metric",48.000000,50.000000,0.000000,top
"C810","100n","C_0603_1608Metric",48.000000,46.000000,0.000000,top
"C811","100n","C_0603_1608Metric",48.000000,42.000000,0.000000,top
"C812","100n","C_0603_1608Metric",48.000000,38.000000,0.000000,top
"C901","100n","C_0603_1608Metric",52.000000,58.000000,0.000000,top
"C902","100n","C_0603_1608Metric",52.000000,54.000000,0.000000,top
"C903","100n","C_0603_1608Metric",52.000000,50.000000,0.000000,top
"C904","100n","C_0603_1608Metric",52.000000,46.000000,0.000000,top
"C905","100n","C_0603_1608Metric",52.000000,42.000000,0.000000,top
"C906","100n","C_0603_1608Metric",52.000000,38.000000,0.000000,top
"C907","100n","C_0603_1608Metric",56.000000,58.000000,0.000000,top
"C908","100n","C_0603_1608Metric",56.000000,54.000000,0.000000,top
"C909","100n","C_0603_1608Metric",56.000000,50.000000,0.000000,top
"C910","100n","C_0603_1608Metric",56.000000,46.000000,0.000000,top
"C911","100n","C_0603_1608Metric",56.000000,42.000000,0.000000,top
"C912","100n","C_0603_1608Metric",56.000000,38.000000,0.000000,top
"C1001","100n","C_0603_1608Metric",60.000000,58.000000,0.000000,top
"C1002","100n","C_0603_1608Metric",60.000000,54.000000,0.000000,top
"C1003","100n","C_0603_1608Metric",60.000000,50.000000,0.000000,top
"C1004","100n","C_0603_1608Metric",60.000000,46.000000,0.000000,top
"C1005","100n","C_0603_1608Metric",60.000000,42.000000,0.000000,top
"C1006","100n","C_0603_1608Metric",60.000000,38.000000,0.000000,top
"C1007","100n","C_0603_1608Metric",64.000000,58.000000,0.000000,top
"C1008","100n","C_0603_1608Metric",64.000000,54.000000,0.000000,top
"C1009","100n","C_0603_1608Metric",64.000000,50.000000,0.000000,top
"C1010","100n","C_0603_1608Metric",64.000000,46.000000,0.000000,top
"C1011","100n","C_0603_1608Metric",64.000000,42.000000,0.000000,top
"C1012","100n","C_0603_1608Metric",64.000000,38.000000,0.000000,top
"C1101","100n","C_0603_1608Metric",68.000000,58.000000,0.000000,top
"C1102","100n","C_0603_1608Metric",68.000000,54.000000,0.000000,top
"C1103","100n","C_0603_1608Metric",68.000000,50.000000,0.000000,top
"C1104","100n","C_0603_1608Metric",68.000000,46.000000,0.000000,top
"C1105","100n","C_0603_1608Metric",68.000000,42.000000,0.000000,top
"C1106","100n","C_0603_1608Metric",68.000000,38.000000,0.000000,top
"C1107","100n","C_0603_1608Metric",72.000000,58.000000,0.000000,top
"C1108","100n","C_0603_1608Metric",72.000000,54.000000,0.000000,top
"C1109","100n","C_0603_1608Metric",72.000000,50.000000,0.000000,top
"C1110","100n","C_0603_1608Metric",72.000000,46.000000,0.000000,top
"C1111","100n","C_0603_1608Metric",72.000000,42.000000,0.000000,top
"C1112","100n","C_0603_1608Metric",72.000000,38.000000,0.000000,top
"C1201","100n","C_0603_1608Metric",76.000000,58.000000,0.000000,top
"C1202","100n","C_0603_1608Metric",76.000000,54.000000,0.000000,top
"C1203","100n","C_0603_1608Metric",76.000000,50.000000,0.000000,top
"C1204","100n","C_0603_1608Metric",76.000000,46.000000,0.000000,top
"C1205","100n","C_0603_1608Metric",76.000000,42.000000,0.000000,top
"C1206","100n","C_0603_1608Metric",76.000000,38.000000,0.000000,top
"C1207","100n","C_0603_1608Metric",80.000000,58.000000,0.000000,top
"C1208","100n","C_0603_1608Metric",80.000000,54.000000,0.000000,top
"C1209","100n","C_0603_1608Metric",80.000000,50.000000,0.000000,top
"C1210","100n","C_0603_1608Metric",80.000000,46.000000,0.000000,top
"C1211","100n","C_0603_1608Metric",80.000000,42.000000,0.000000,top
"C1212","100n","C_0603_1608Metric",80.000000,38.000000,0.000000,top
"D101","B5819W","D_SOD-123",52.500000,70.750000,90.000000,top
"D201","WS2812C-2020","BF@WS2812C-2020",50.000000,95.000000,180.000000,top
"D202","WS2812C-2020","BF@WS2812C-2020",54.703780,94.753485,174.000000,top
"D203","WS2812C-2020","BF@WS2812C-2020",59.356026,94.016642,168.000000,top
"D204","WS2812C-2020","BF@WS2812C-2020",63.905764,92.797543,162.000000,top
"D205","WS2812C-2020","BF@WS2812C-2020",68.303148,91.109545,156.000000,top
"D206","WS2812C-2020","BF@WS2812C-2020",72.499999,88.971143,150.000000,top
"D207","WS2812C-2020","BF@WS2812C-2020",76.450336,86.405764,144.000000,top
"D208","WS2812C-2020","BF@WS2812C-2020",80.110877,83.441517,138.000000,top
"D209","WS2812C-2020","BF@WS2812C-2020",83.441517,80.110877,132.000000,top
"D210","WS2812C-2020","BF@WS2812C-2020",86.405764,76.450336,126.000000,top
"D211","WS2812C-2020","BF@WS2812C-2020",88.971143,72.500000,120.000000,top
"D212","WS2812C-2020","BF@WS2812C-2020",91.109545,68.303148,114.000000,top
"D213","WS2812C-2020","BF@WS2812C-2020",92.797543,63.905764,108.000000,top
"D214","WS2812C-2020","BF@WS2812C-2020",94.016642,59.356026,102.000000,top
"D215","WS2812C-2020","BF@WS2812C-2020",94.753485,54.703780,96.000000,top
"D216","WS2812C-2020","BF@WS2812C-2020",95.000000,50.000000,90.000000,top
"D217","WS2812C-2020","BF@WS2812C-2020",94.753485,45.296220,84.000000,top
"D218","WS2812C-2020","BF@WS2812C-2020",94.016642,40.643974,78.000000,top
"D219","WS2812C-2020","BF@WS2812C-2020",92.797543,36.094236,72.000000,top
"D220","WS2812C-2020","BF@WS2812C-2020",91.109545,31.696852,66.000000,top
"D221","WS2812C-2020","BF@WS2812C-2020",88.971143,27.500001,60.000000,top
"D222","WS2812C-2020","BF@WS2812C-2020",86.405764,23.549664,54.000000,top
"D223","WS2812C-2020","BF@WS2812C-2020",83.441517,19.889123,48.000000,top
"D224","WS2812C-2020","BF@WS2812C-2020",80.110877,16.558483,42.000000,top
"D225","WS2812C-2020","BF@WS2812C-2020",76.450336,13.594236,36.000000,top
"D226","WS2812C-2020","BF@WS2812C-2020",72.499999,11.028857,30.000000,top
"D227","WS2812C-2020","BF@WS2812C-2020",68.303148,8.890455,24.000000,top
"D228","WS2812C-2020","BF@WS2812C-2020",63.905764,7.202457,18.000000,top
"D229","WS2812C-2020","BF@WS2812C-2020",59.356026,5.983358,12.000000,top
"D230","WS2812C-2020","BF@WS2812C-2020",54.703780,5.246515,6.000000,top
"D231","WS2812C-2020","BF@WS2812C-2020",50.000000,5.000000,0.000000,top
"D232","WS2812C-2020","BF@WS2812C-2020",45.296220,5.246515,354.000000,top
"D233","WS2812C-2020","BF@WS2812C-2020",40.643974,5.983358,348.000000,top
"D234","WS2812C-2020","BF@WS2812C-2020",36.094236,7.202457,342.000000,top
"D235","WS2812C-2020","BF@WS2812C-2020",31.696852,8.890455,336.000000,top
"D236","WS2812C-2020","BF@WS2812C-2020",27.500000,11.028857,330.000000,top
"D237","WS2812C-2020","BF@WS2812C-2020",23.549664,13.594236,324.000000,top
"D238","WS2812C-2020","BF@WS2812C-2020",19.889123,16.558483,318.000000,top
"D239","WS2812C-2020","BF@WS2812C-2020",16.558483,19.889123,312.000000,top
"D240","WS2812C-2020","BF@WS2812C-2020",13.594236,23.549664,306.000000,top
"D241","WS2812C-2020","BF@WS2812C-2020",11.028857,27.500000,300.000000,top
"D242","WS2812C-2020","BF@WS2812C-2020",8.890455,31.696852,294.000000,top
"D243","WS2812C-2020","BF@WS2812C-2020",7.202457,36.094236,288.000000,top
"D244","WS2812C-2020","BF@WS2812C-2020",5.983358,40.643974,282.000000,top
"D245","WS2812C-2020","BF@WS2812C-2020",5.246515,45.296220,276.000000,top
"D246","WS2812C-2020","BF@WS2812C-2020",5.000000,50.000000,270.000000,top
"D247","WS2812C-2020","BF@WS2812C-2020",5.246515,54.703780,264.000000,top
"D248","WS2812C-2020","BF@WS2812C-2020",5.983358,59.356026,258.000000,top
"D249","WS2812C-2020","BF@WS2812C-2020",7.202457,63.905764,252.000000,top
"D250","WS2812C-2020","BF@WS2812C-2020",8.890455,68.303148,246.000000,top
"D251","WS2812C-2020","BF@WS2812C-2020",11.028857,72.500000,240.000000,top
"D252","WS2812C-2020","BF@WS2812C-2020",13.594236,76.450336,234.000000,top
"D253","WS2812C-2020","BF@WS2812C-2020",16.558483,80.110877,228.000000,top
"D254","WS2812C-2020","BF@WS2812C-2020",19.889123,83.441517,222.000000,top
"D255","WS2812C-2020","BF@WS2812C-2020",23.549664,86.405764,216.000000,top
"D256","WS2812C-2020","BF@WS2812C-2020",27.500000,88.971143,210.000000,top
"D257","WS2812C-2020","BF@WS2812C-2020",31.696852,91.109545,204.000000,top
"D258","WS2812C-2020","BF@WS2812C-2020",36.094236,92.797543,198.000000,top
"D259","WS2812C-2020","BF@WS2812C-2020",40.643974,94.016642,192.000000,top
"D260","WS2812C-2020","BF@WS2812C-2020",45.296220,94.753485,186.000000,top
"D301","WS2812C-2020","BF@WS2812C-2020",50.000000,91.000000,180.000000,top
"D302","WS2812C-2020","BF@WS2812C-2020",54.285666,90.775397,174.000000,top
"D303","WS2812C-2020","BF@WS2812C-2020",58.524379,90.104051,168.000000,top
"D304","WS2812C-2020","BF@WS2812C-2020",62.669696,88.993317,162.000000,top
"D305","WS2812C-2020","BF@WS2812C-2020",66.676202,87.455363,156.000000,top
"D306","WS2812C-2020","BF@WS2812C-2020",70.499999,85.507041,150.000000,top
"D307","WS2812C-2020","BF@WS2812C-2020",74.099195,83.169696,144.000000,top
"D308","WS2812C-2020","BF@WS2812C-2020",77.434354,80.468937,138.000000,top
"D309","WS2812C-2020","BF@WS2812C-2020",80.468937,77.434354,132.000000,top
"D310","WS2812C-2020","BF@WS2812C-2020",83.169696,74.099195,126.000000,top
"D311","WS2812C-2020","BF@WS2812C-2020",85.507041,70.500000,120.000000,top
"D312","WS2812C-2020","BF@WS2812C-2020",87.455363,66.676202,114.000000,top
"D313","WS2812C-2020","BF@WS2812C-2020",88.993317,62.669696,108.000000,top
"D314","WS2812C-2020","BF@WS2812C-2020",90.104051,58.524379,102.000000,top
"D315","WS2812C-2020","BF@WS2812C-2020",90.775397,54.285666,96.000000,top
"D316","WS2812C-2020","BF@WS2812C-2020",91.000000,50.000000,90.000000,top
"D317","WS2812C-2020","BF@WS2812C-2020",90.775397,45.714334,84.000000,top
"D318","WS2812C-2020","BF@WS2812C-2020",90.104051,41.475621,78.000000,top
"D319","WS2812C-2020","BF@WS2812C-2020",88.993317,37.330304,72.000000,top
"D320","WS2812C-2020","BF@WS2812C-2020",87.455363,33.323798,66.000000,top
"D321","WS2812C-2020","BF@WS2812C-2020",85.507041,29.500001,60.000000,top
"D322","WS2812C-2020","BF@WS2812C-2020",83.169696,25.900805,54.000000,top
"D323","WS2812C-2020","BF@WS2812C-2020",80.468937,22.565646,48.000000,top
"D324","WS2812C-2020","BF@WS2812C-2020",77.434354,19.531063,42.000000,top
"D325","WS2812C-2020","BF@WS2812C-2020",74.099195,16.830304,36.000000,top
"D326","WS2812C-2020","BF@WS2812C-2020",70.499999,14.492959,30.000000,top
"D327","WS2812C-2020","BF@WS2812C-2020",66.676202,12.544637,24.000000,top
"D328","WS2812C-2020","BF@WS2812C-2020",62.669696,11.006683,18.000000,top
"D329","WS2812C-2020","BF@WS2812C-2020",58.524379,9.895949,12.000000,top
"D330","WS2812C-2020","BF@WS2812C-2020",54.285666,9.224603,6.000000,top
"D331","WS2812C-2020","BF@WS2812C-2020",50.000000,9.000000,0.000000,top
"D332","WS2812C-2020","BF@WS2812C-2020",45.714334,9.224603,354.000000,top
"D333","WS2812C-2020","BF@WS2812C-2020",41.475621,9.895949,348.000000,top
"D334","WS2812C-2020","BF@WS2812C-2020",37.330304,11.006683,342.000000,top
"D335","WS2812C-2020","BF@WS2812C-2020",33.323798,12.544637,336.000000,top
"D336","WS2812C-2020","BF@WS2812C-2020",29.500000,14.492959,330.000000,top
"D337","WS2812C-2020","BF@WS2812C-2020",25.900805,16.830304,324.000000,top
"D338","WS2812C-2020","BF@WS2812C-2020",22.565646,19.531063,318.000000,top
"D339","WS2812C-2020","BF@WS2812C-2020",19.531063,22.565646,312.000000,top
"D340","WS2812C-2020","BF@WS2812C-2020",16.830304,25.900805,306.000000,top
"D341","WS2812C-2020","BF@WS2812C-2020",14.492959,29.500000,300.000000,top
"D342","WS2812C-2020","BF@WS2812C-2020",12.544637,33.323798,294.000000,top
"D343","WS2812C-2020","BF@WS2812C-2020",11.006683,37.330304,288.000000,top
"D344","WS2812C-2020","BF@WS2812C-2020",9.895949,41.475621,282.000000,top
"D345","WS2812C-2020","BF@WS2812C-2020",9.224603,45.714334,276.000000,top
"D346","WS2812C-2020","BF@WS2812C-2020",9.000000,50.000000,270.000000,top
"D347","WS2812C-2020","BF@WS2812C-2020",9.224603,54.285666,264.000000,top
"D348","WS2812C-2020","BF@WS2812C-2020",9.895949,58.524379,258.000000,top
"D349","WS2812C-2020","BF@WS2812C-2020",11.006683,62.669696,252.000000,top
"D350","WS2812C-2020","BF@WS2812C-2020",12.544637,66.676202,246.000000,top
"D351","WS2812C-2020","BF@WS2812C-2020",14.492959,70.500000,240.000000,top
"D352","WS2812C-2020","BF@WS2812C-2020",16.830304,74.099195,234.000000,top
"D353","WS2812C-2020","BF@WS2812C-2020",19.531063,77.434354,228.000000,top
"D354","WS2812C-2020","BF@WS2812C-2020",22.565646,80.468937,222.000000,top
"D355","WS2812C-2020","BF@WS2812C-2020",25.900805,83.169696,216.000000,top
"D356","WS2812C-2020","BF@WS2812C-2020",29.500000,85.507041,210.000000,top
"D357","WS2812C-2020","BF@WS2812C-2020",33.323798,87.455363,204.000000,top
"D358","WS2812C-2020","BF@WS2812C-2020",37.330304,88.993317,198.000000,top
"D359","WS2812C-2020","BF@WS2812C-2020",41.475621,90.104051,192.000000,top
"D360","WS2812C-2020","BF@WS2812C-2020",45.714334,90.775397,186.000000,top
"D401","WS2812C-2020","BF@WS2812C-2020",50.000000,87.000000,180.000000,top
"D402","WS2812C-2020","BF@WS2812C-2020",53.867553,86.797310,174.000000,top
"D403","WS2812C-2020","BF@WS2812C-2020",57.692732,86.191461,168.000000,top
"D404","WS2812C-2020","BF@WS2812C-2020",61.433628,85.189091,162.000000,top
"D405","WS2812C-2020","BF@WS2812C-2020",65.049255,83.801181,156.000000,top
"D406","WS2812C-2020","BF@WS2812C-2020",68.499999,82.042939,150.000000,top
"D407","WS2812C-2020","BF@WS2812C-2020",71.748054,79.933628,144.000000,top
"D408","WS2812C-2020","BF@WS2812C-2020",74.757832,77.496358,138.000000,top
"D409","WS2812C-2020","BF@WS2812C-2020",77.496358,74.757832,132.000000,top
"D410","WS2812C-2020","BF@WS2812C-2020",79.933628,71.748054,126.000000,top
"D411","WS2812C-2020","BF@WS2812C-2020",82.042939,68.500000,120.000000,top
"D412","WS2812C-2020","BF@WS2812C-2020",83.801181,65.049255,114.000000,top
"D413","WS2812C-2020","BF@WS2812C-2020",85.189091,61.433628,108.000000,top
"D414","WS2812C-2020","BF@WS2812C-2020",86.191461,57.692732,102.000000,top
"D415","WS2812C-2020","BF@WS2812C-2020",86.797310,53.867553,96.000000,top
"D416","WS2812C-2020","BF@WS2812C-2020",87.000000,50.000000,90.000000,top
"D417","WS2812C-2020","BF@WS2812C-2020",86.797310,46.132447,84.000000,top
"D418","WS2812C-2020","BF@WS2812C-2020",86.191461,42.307268,78.000000,top
"D419","WS2812C-2020","BF@WS2812C-2020",85.189091,38.566372,72.000000,top
"D420","WS2812C-2020","BF@WS2812C-2020",83.801181,34.950745,66.000000,top
"D421","WS2812C-2020","BF@WS2812C-2020",82.042939,31.500001,60.000000,top
"D422","WS2812C-2020","BF@WS2812C-2020",79.933628,28.251946,54.000000,top
"D423","WS2812C-2020","BF@WS2812C-2020",77.496358,25.242168,48.000000,top
"D424","WS2812C-2020","BF@WS2812C-2020",74.757832,22.503642,42.000000,top
"D425","WS2812C-2020","BF@WS2812C-2020",71.748054,20.066372,36.000000,top
"D426","WS2812C-2020","BF@WS2812C-2020",68.499999,17.957061,30.000000,top
"D427","WS2812C-2020","BF@WS2812C-2020",65.049255,16.198819,24.000000,top
"D428","WS2812C-2020","BF@WS2812C-2020",61.433628,14.810909,18.000000,top
"D429","WS2812C-2020","BF@WS2812C-2020",57.692732,13.808539,12.000000,top
"D430","WS2812C-2020","BF@WS2812C-2020",53.867553,13.202690,6.000000,top
"D431","WS2812C-2020","BF@WS2812C-2020",50.000000,13.000000,0.000000,top
"D432","WS2812C-2020","BF@WS2812C-2020",46.132447,13.202690,354.000000,top
"D433","WS2812C-2020","BF@WS2812C-2020",42.307268,13.808539,348.000000,top
"D434","WS2812C-2020","BF@WS2812C-2020",38.566372,14.810909,342.000000,top
"D435","WS2812C-2020","BF@WS2812C-2020",34.950745,16.198819,336.000000,top
"D436","WS2812C-2020","BF@WS2812C-2020",31.500000,17.957061,330.000000,top
"D437","WS2812C-2020","BF@WS2812C-2020",28.251946,20.066372,324.000000,top
"D438","WS2812C-2020","BF@WS2812C-2020",25.242168,22.503642,318.000000,top
"D439","WS2812C-2020","BF@WS2812C-2020",22.503642,25.242168,312.000000,top
"D440","WS2812C-2020","BF@WS2812C-2020",20.066372,28.251946,306.000000,top
"D441","WS2812C-2020","BF@WS2812C-2020",17.957061,31.500000,300.000000,top
"D442","WS2812C-2020","BF@WS2812C-2020",16.198819,34.950745,294.000000,top
"D443","WS2812C-2020","BF@WS2812C-2020",14.810909,38.566372,288.000000,top
"D444","WS2812C-2020","BF@WS2812C-2020",13.808539,42.307268,282.000000,top
"D445","WS2812C-2020","BF@WS2812C-2020",13.202690,46.132447,276.000000,top
"D446","WS2812C-2020","BF@WS2812C-2020",13.000000,50.000000,270.000000,top
"D447","WS2812C-2020","BF@WS2812C-2020",13.202690,53.867553,264.000000,top
"D448","WS2812C-2020","BF@WS2812C-2020",13.808539,57.692732,258.000000,top
"D449","WS2812C-2020","BF@WS2812C-2020",14.810909,61.433628,252.000000,top
"D450","WS2812C-2020","BF@WS2812C-2020",16.198819,65.049255,246.000000,top
"D451","WS2812C-2020","BF@WS2812C-2020",17.957061,68.500000,240.000000,top
"D452","WS2812C-2020","BF@WS2812C-2020",20.066372,71.748054,234.000000,top
"D453","WS2812C-2020","BF@WS2812C-2020",22.503642,74.757832,228.000000,top
"D454","WS2812C-2020","BF@WS2812C-2020",25.242168,77.496358,222.000000,top
"D455","WS2812C-2020","BF@WS2812C-2020",28.251946,79.933628,216.000000,top
"D456","WS2812C-2020","BF@WS2812C-2020",31.500000,82.042939,210.000000,top
"D457","WS2812C-2020","BF@WS2812C-2020",34.950745,83.801181,204.000000,top
"D458","WS2812C-2020","BF@WS2812C-2020",38.566372,85.189091,198.000000,top
"D459","WS2812C-2020","BF@WS2812C-2020",42.307268,86.191461,192.000000,top
"D460","WS2812C-2020","BF@WS2812C-2020",46.132447,86.797310,186.000000,top
"D501","WS2812C-2020","BF@WS2812C-2020",20.000000,60.000000,180.000000,top
"D502","WS2812C-2020","BF@WS2812C-2020",20.000000,56.000000,180.000000,top
"D503","WS2812C-2020","BF@WS2812C-2020",20.000000,52.000000,180.000000,top
"D504","WS2812C-2020","BF@WS2812C-2020",20.000000,48.000000,180.000000,top
"D505","WS2812C-2020","BF@WS2812C-2020",20.000000,44.000000,180.000000,top
"D506","WS2812C-2020","BF@WS2812C-2020",20.000000,40.000000,180.000000,top
"D507","WS2812C-2020","BF@WS2812C-2020",24.000000,60.000000,180.000000,top
"D508","WS2812C-2020","BF@WS2812C-2020",24.000000,56.000000,180.000000,top
"D509","WS2812C-2020","BF@WS2812C-2020",24.000000,52.000000,180.000000,top
"D510","WS2812C-2020","BF@WS2812C-2020",24.000000,48.000000,180.000000,top
"D511","WS2812C-2020","BF@WS2812C-2020",24.000000,44.000000,180.000000,top
"D512","WS2812C-2020","BF@WS2812C-2020",24.000000,40.000000,180.000000,top
"D601","WS2812C-2020","BF@WS2812C-2020",28.000000,60.000000,180.000000,top
"D602","WS2812C-2020","BF@WS2812C-2020",28.000000,56.000000,180.000000,top
"D603","WS2812C-2020","BF@WS2812C-2020",28.000000,52.000000,180.000000,top
"D604","WS2812C-2020","BF@WS2812C-2020",28.000000,48.000000,180.000000,top
"D605","WS2812C-2020","BF@WS2812C-2020",28.000000,44.000000,180.000000,top
"D606","WS2812C-2020","BF@WS2812C-2020",28.000000,40.000000,180.000000,top
"D607","WS2812C-2020","BF@WS2812C-2020",32.000000,60.000000,180.000000,top
"D608","WS2812C-2020","BF@WS2812C-2020",32.000000,56.000000,180.000000,top
"D609","WS2812C-2020","BF@WS2812C-2020",32.000000,52.000000,180.000000,top
"D610","WS2812C-2020","BF@WS2812C-2020",32.000000,48.000000,180.000000,top
"D611","WS2812C-2020","BF@WS2812C-2020",32.000000,44.000000,180.000000,top
"D612","WS2812C-2020","BF@WS2812C-2020",32.000000,40.000000,180.000000,top
"D701","WS2812C-2020","BF@WS2812C-2020",36.000000,60.000000,180.000000,top
"D702","WS2812C-2020","BF@WS2812C-2020",36.000000,56.000000,180.000000,top
"D703","WS2812C-2020","BF@WS2812C-2020",36.000000,52.000000,180.000000,top
"D704","WS2812C-2020","BF@WS2812C-2020",36.000000,48.000000,180.000000,top
"D705","WS2812C-2020","BF@WS2812C-2020",36.000000,44.000000,180.000000,top
"D706","WS2812C-2020","BF@WS2812C-2020",36.000000,40.000000,180.000000,top
"D707","WS2812C-2020","BF@WS2812C-2020",40.000000,60.000000,180.000000,top
"D708","WS2812C-2020","BF@WS2812C-2020",40.000000,56.000000,180.000000,top
"D709","WS2812C-2020","BF@WS2812C-2020",40.000000,52.000000,180.000000,top
"D710","WS2812C-2020","BF@WS2812C-2020",40.000000,48.000000,180.000000,top
"D711","WS2812C-2020","BF@WS2812C-2020",40.000000,44.000000,180.000000,top
"D712","WS2812C-2020","BF@WS2812C-2020",40.000000,40.000000,180.000000,top
"D801","WS2812C-2020","BF@WS2812C-2020",44.000000,60.000000,180.000000,top
"D802","WS2812C-2020","BF@WS2812C-2020",44.000000,56.000000,180.000000,top
"D803","WS2812C-2020","BF@WS2812C-2020",44.000000,52.000000,180.000000,top
"D804","WS2812C-2020","BF@WS2812C-2020",44.000000,48.000000,180.000000,top
"D805","WS2812C-2020","BF@WS2812C-2020",44.000000,44.000000,180.000000,top
"D806","WS2812C-2020","BF@WS2812C-2020",44.000000,40.000000,180.000000,top
"D807","WS2812C-2020","BF@WS2812C-2020",48.000000,60.000000,180.000000,top
"D808","WS2812C-2020","BF@WS2812C-2020",48.000000,56.000000,180.000000,top
"D809","WS2812C-2020","BF@WS2812C-2020",48.000000,52.000000,180.000000,top
"D810","WS2812C-2020","BF@WS2812C-2020",48.000000,48.000000,180.000000,top
"D811","WS2812C-2020","BF@WS2812C-2020",48.000000,44.000000,180.000000,top
"D812","WS2812C-2020","BF@WS2812C-2020",48.000000,40.000000,180.000000,top
"D901","WS2812C-2020","BF@WS2812C-2020",52.000000,60.000000,180.000000,top
"D902","WS2812C-2020","BF@WS2812C-2020",52.000000,56.000000,180.000000,top
"D903","WS2812C-2020","BF@WS2812C-2020",52.000000,52.000000,180.000000,top
"D904","WS2812C-2020","BF@WS2812C-2020",52.000000,48.000000,180.000000,top
"D905","WS2812C-2020","BF@WS2812C-2020",52.000000,44.000000,180.000000,top
"D906","WS2812C-2020","BF@WS2812C-2020",52.000000,40.000000,180.000000,top
"D907","WS2812C-2020","BF@WS2812C-2020",56.000000,60.000000,180.000000,top
"D908","WS2812C-2020","BF@WS2812C-2020",56.000000,56.000000,180.000000,top
"D909","WS2812C-2020","BF@WS2812C-2020",56.000000,52.000000,180.000000,top
"D910","WS2812C-2020","BF@WS2812C-2020",56.000000,48.000000,180.000000,top
"D911","WS2812C-2020","BF@WS2812C-2020",56.000000,44.000000,180.000000,top
"D912","WS2812C-2020","BF@WS2812C-2020",56.000000,40.000000,180.000000,top
"D1001","WS2812C-2020","BF@WS2812C-2020",60.000000,60.000000,180.000000,top
"D1002","WS2812C-2020","BF@WS2812C-2020",60.000000,56.000000,180.000000,top
"D1003","WS2812C-2020","BF@WS2812C-2020",60.000000,52.000000,180.000000,top
"D1004","WS2812C-2020","BF@WS2812C-2020",60.000000,48.000000,180.000000,top
"D1005","WS2812C-2020","BF@WS2812C-2020",60.000000,44.000000,180.000000,top
"D1006","WS2812C-2020","BF@WS2812C-2020",60.000000,40.000000,180.000000,top
"D1007","WS2812C-2020","BF@WS2812C-2020",64.000000,60.000000,180.000000,top
"D1008","WS2812C-2020","BF@WS2812C-2020",64.000000,56.000000,180.000000,top
"D1009","WS2812C-2020","BF@WS2812C-2020",64.000000,52.000000,180.000000,top
"D1010","WS2812C-2020","BF@WS2812C-2020",64.000000,48.000000,180.000000,top
"D1011","WS2812C-2020","BF@WS2812C-2020",64.000000,44.000000,180.000000,top
"D1012","WS2812C-2020","BF@WS2812C-2020",64.000000,40.000000,180.000000,top
"D1101","WS2812C-2020","BF@WS2812C-2020",68.000000,60.000000,180.000000,top
"D1102","WS2812C-2020","BF@WS2812C-2020",68.000000,56.000000,180.000000,top
"D1103","WS2812C-2020","BF@WS2812C-2020",68.000000,52.000000,180.000000,top
"D1104","WS2812C-2020","BF@WS2812C-2020",68.000000,48.000000,180.000000,top
"D1105","WS2812C-2020","BF@WS2812C-2020",68.000000,44.000000,180.000000,top
"D1106","WS2812C-2020","BF@WS2812C-2020",68.000000,40.000000,180.000000,top
"D1107","WS2812C-2020","BF@WS2812C-2020",72.000000,60.000000,180.000000,top
"D1108","WS2812C-2020","BF@WS2812C-2020",72.000000,56.000000,180.000000,top
"D1109","WS2812C-2020","BF@WS2812C-2020",72.000000,52.000000,180.000000,top
"D1110","WS2812C-2020","BF@WS2812C-2020",72.000000,48.000000,180.000000,top
"D1111","WS2812C-2020","BF@WS2812C-2020",72.000000,44.000000,180.000000,top
"D1112","WS2812C-2020","BF@WS2812C-2020",72.000000,40.000000,180.000000,top
"D1201","WS2812C-2020","BF@WS2812C-2020",76.000000,60.000000,180.000000,top
"D1202","WS2812C-2020","BF@WS2812C-2020",76.000000,56.000000,180.000000,top
"D1203","WS2812C-2020","BF@WS2812C-2020",76.000000,52.000000,180.000000,top
"D1204","WS2812C-2020","BF@WS2812C-2020",76.000000,48.000000,180.000000,top
"D1205","WS2812C-2020","BF@WS2812C-2020",76.000000,44.000000,180.000000,top
"D1206","WS2812C-2020","BF@WS2812C-2020",76.000000,40.000000,180.000000,top
"D1207","WS2812C-2020","BF@WS2812C-2020",80.000000,60.000000,180.000000,top
"D1208","WS2812C-2020","BF@WS2812C-2020",80.000000,56.000000,180.000000,top
"D1209","WS2812C-2020","BF@WS2812C-2020",80.000000,52.000000,180.000000,top
"D1210","WS2812C-2020","BF@WS2812C-2020",80.000000,48.000000,180.000000,top
"D1211","WS2812C-2020","BF@WS2812C-2020",80.000000,44.000000,180.000000,top
"D1212","WS2812C-2020","BF@WS2812C-2020",80.000000,40.000000,180.000000,top
"R101","10k","R_0603_1608Metric",69.500000,70.000000,0.000000,top
"R102","10k","R_0603_1608Metric",69.500000,68.000000,0.000000,top
